{"cameraMode":{"drawMode":0,"name":"Shaded","section":"Shading Mode"},"sceneLighting":false,"audioPlay":false,"sceneViewState":{"showFog":true,"showMaterialUpdate":true,"showSkybox":false,"showFlares":true,"showImageEffects":true,"showParticleSystems":true},"in2DMode":false,"pivot":{"x":-0.05751447379589081,"y":-0.11336134374141693,"z":-0.07543777674436569},"rotation":{"x":-0.028349343687295915,"y":-0.17867411673069,"z":0.005114889703691006,"w":-0.9835318922996521},"size":0.03245076537132263,"orthographic":false}