{"cameraMode":{"drawMode":0,"name":"Shaded","section":"Shading Mode"},"sceneLighting":false,"audioPlay":false,"sceneViewState":{"showFog":true,"showMaterialUpdate":true,"showSkybox":false,"showFlares":true,"showImageEffects":true,"showParticleSystems":true},"in2DMode":false,"pivot":{"x":-0.18058420717716218,"y":-0.05980506166815758,"z":-0.05607348680496216},"rotation":{"x":0.1223994567990303,"y":-0.5274655222892761,"z":-0.07715506851673126,"w":-0.8372222185134888},"size":0.03245076537132263,"orthographic":false}