{"cameraMode":{"drawMode":0,"name":"Shaded","section":"Shading Mode"},"sceneLighting":true,"audioPlay":false,"sceneViewState":{"showFog":true,"showMaterialUpdate":true,"showSkybox":true,"showFlares":true,"showImageEffects":true,"showParticleSystems":true},"in2DMode":false,"pivot":{"x":0.06877043098211289,"y":-0.16259585320949555,"z":1.1143279075622559},"rotation":{"x":-0.14065571129322053,"y":-0.051667794585227969,"z":0.007318345829844475,"w":-0.9887261390686035},"size":1.2001783847808838,"orthographic":false}