{"cameraMode":{"drawMode":0,"name":"Shaded","section":"Shading Mode"},"sceneLighting":true,"audioPlay":false,"sceneViewState":{"showFog":true,"showMaterialUpdate":true,"showSkybox":true,"showFlares":true,"showImageEffects":true,"showParticleSystems":true},"in2DMode":false,"pivot":{"x":0.0350211076438427,"y":0.19927796721458436,"z":0.6028486490249634},"rotation":{"x":0.06085836887359619,"y":-0.008982917293906212,"z":0.0005478474777191877,"w":0.9981065988540649},"size":0.30065447092056277,"orthographic":false}