{"cameraMode":{"drawMode":0,"name":"Shaded","section":"Shading Mode"},"sceneLighting":true,"audioPlay":false,"sceneViewState":{"showFog":true,"showMaterialUpdate":true,"showSkybox":true,"showFlares":true,"showImageEffects":true,"showParticleSystems":true},"in2DMode":false,"pivot":{"x":-0.3797944188117981,"y":0.10536930710077286,"z":-0.40423351526260378},"rotation":{"x":0.33894863724708559,"y":0.3662473261356354,"z":-0.14530710875988007,"w":0.8543215990066528},"size":0.5188111066818237,"orthographic":false}