{"cameraMode":{"drawMode":0,"name":"Shaded","section":"Shading Mode"},"sceneLighting":false,"audioPlay":false,"sceneViewState":{"showFog":true,"showMaterialUpdate":true,"showSkybox":false,"showFlares":true,"showImageEffects":true,"showParticleSystems":true},"in2DMode":false,"pivot":{"x":-5.0,"y":0.2500001788139343,"z":-2.9802322387695315e-8},"rotation":{"x":-0.10663332045078278,"y":0.22931446135044099,"z":-0.02529831789433956,"w":-0.967201292514801},"size":1.2016116380691529,"orthographic":false}