{"cameraMode":{"drawMode":0,"name":"Shaded","section":"Shading Mode"},"sceneLighting":true,"audioPlay":false,"sceneViewState":{"showFog":false,"showMaterialUpdate":false,"showSkybox":false,"showFlares":false,"showImageEffects":false,"showParticleSystems":false},"in2DMode":false,"pivot":{"x":3.3732542991638185,"y":-1.0257585048675538,"z":1.2761131525039673},"rotation":{"x":0.14306136965751649,"y":0.4978790879249573,"z":-0.08366770297288895,"w":0.8512724041938782},"size":3.261518716812134,"orthographic":false}