{"cameraMode":{"drawMode":0,"name":"Shaded","section":"Shading Mode"},"sceneLighting":true,"audioPlay":false,"sceneViewState":{"showFog":true,"showMaterialUpdate":true,"showSkybox":true,"showFlares":true,"showImageEffects":true,"showParticleSystems":true},"in2DMode":false,"pivot":{"x":-0.021005922928452493,"y":0.11275891959667206,"z":0.13968199491500855},"rotation":{"x":0.1973276436328888,"y":0.07344796508550644,"z":-0.014827856793999672,"w":0.9774729013442993},"size":0.8188111186027527,"orthographic":false}