{"cameraMode":{"drawMode":0,"name":"Shaded","section":"Shading Mode"},"sceneLighting":true,"audioPlay":false,"sceneViewState":{"showFog":true,"showMaterialUpdate":true,"showSkybox":true,"showFlares":true,"showImageEffects":true,"showParticleSystems":true},"in2DMode":false,"pivot":{"x":0.031236784532666208,"y":0.4325788617134094,"z":0.236567422747612},"rotation":{"x":0.20335698127746583,"y":-0.03230353444814682,"z":0.006713253911584616,"w":0.978549063205719},"size":0.30065447092056277,"orthographic":false}