{"cameraMode":{"drawMode":0,"name":"Shaded","section":"Shading Mode"},"sceneLighting":true,"audioPlay":false,"sceneViewState":{"showFog":true,"showMaterialUpdate":true,"showSkybox":true,"showFlares":true,"showImageEffects":true,"showParticleSystems":true},"in2DMode":false,"pivot":{"x":-0.00863777194172144,"y":0.18925043940544129,"z":0.49298518896102908},"rotation":{"x":0.058167312294244769,"y":0.0002994434325955808,"z":-0.00002223623414465692,"w":0.9983192086219788},"size":0.30065447092056277,"orthographic":false}