{"cameraMode":{"drawMode":0,"name":"Shaded","section":"Shading Mode"},"sceneLighting":false,"audioPlay":false,"sceneViewState":{"showFog":true,"showMaterialUpdate":true,"showSkybox":false,"showFlares":true,"showImageEffects":true,"showParticleSystems":true},"in2DMode":false,"pivot":{"x":-0.337516725063324,"y":0.4412246346473694,"z":0.1879608929157257},"rotation":{"x":-0.10663332045078278,"y":0.22931446135044099,"z":-0.02529831789433956,"w":-0.967201292514801},"size":0.30161088705062868,"orthographic":false}