{"cameraMode":{"drawMode":0,"name":"Shaded","section":"Shading Mode"},"sceneLighting":true,"audioPlay":false,"sceneViewState":{"showFog":false,"showMaterialUpdate":false,"showSkybox":false,"showFlares":false,"showImageEffects":false,"showParticleSystems":false},"in2DMode":false,"pivot":{"x":3.4725427627563478,"y":-0.19581866264343263,"z":1.5594842433929444},"rotation":{"x":0.08591552078723908,"y":0.5138616561889648,"z":-0.051813166588544849,"w":0.8519948720932007},"size":3.261518716812134,"orthographic":false}