{"cameraMode":{"drawMode":0,"name":"Shaded","section":"Shading Mode"},"sceneLighting":true,"audioPlay":false,"sceneViewState":{"showFog":true,"showMaterialUpdate":true,"showSkybox":true,"showFlares":true,"showImageEffects":true,"showParticleSystems":true},"in2DMode":false,"pivot":{"x":-0.018762918189167978,"y":-0.16878676414489747,"z":1.161643385887146},"rotation":{"x":0.19561073184013368,"y":0.04587697237730026,"z":-0.009161616675555706,"w":0.9795684218406677},"size":0.8188111186027527,"orthographic":false}