{"cameraMode":{"drawMode":0,"name":"Shaded","section":"Shading Mode"},"sceneLighting":false,"audioPlay":false,"sceneViewState":{"showFog":true,"showMaterialUpdate":true,"showSkybox":false,"showFlares":true,"showImageEffects":true,"showParticleSystems":true},"in2DMode":false,"pivot":{"x":0.025686293840408326,"y":-0.03185868635773659,"z":-0.21038329601287843},"rotation":{"x":0.1548311859369278,"y":-0.054506462067365649,"z":-0.00859209056943655,"w":-0.9864476323127747},"size":0.03245076537132263,"orthographic":false}