{"cameraMode":{"drawMode":0,"name":"Shaded","section":"Shading Mode"},"sceneLighting":false,"audioPlay":false,"sceneViewState":{"showFog":true,"showMaterialUpdate":true,"showSkybox":false,"showFlares":true,"showImageEffects":true,"showParticleSystems":true},"in2DMode":false,"pivot":{"x":-0.0704662948846817,"y":-0.07865448296070099,"z":-0.07990915328264237},"rotation":{"x":0.24521803855895997,"y":-0.08392634242773056,"z":-0.021354202181100847,"w":-0.9656398296356201},"size":0.03245076537132263,"orthographic":false}