{"cameraMode":{"drawMode":0,"name":"Shaded","section":"Shading Mode"},"sceneLighting":true,"audioPlay":false,"sceneViewState":{"showFog":true,"showMaterialUpdate":true,"showSkybox":true,"showFlares":true,"showImageEffects":true,"showParticleSystems":true},"in2DMode":false,"pivot":{"x":-0.3244313895702362,"y":0.17111733555793763,"z":0.051321547478437427},"rotation":{"x":-0.11139504611492157,"y":-0.515864908695221,"z":0.06786420196294785,"w":-0.8467008471488953},"size":0.16272076964378358,"orthographic":false}